Metagenome ID,Dataset,Sample type,Date collected,Depth (m),# Raw reads,# QC'd reads,Average QC'd read length (bp),# bps (QCd),Amplicon ID,# 18S QC'd reads,average 18S QC'd read length (bp),# bps (QC'd),# COI reads,average COI read length (bp),#bps (QC'd)
zr2760_45,CANON2018,CTD,9/7/18,30,31001071,26945979,135.5,3651180155,CN18Fc12_8_eDNA,31854,180,5733720,42119,313,13183247
zr2760_67,CANON2018,CTD,9/8/18,40,13122301,1697798715,136.7,2.32E+11,CN18Fc19_5_eDNA,52419,180,9435420,67727,313,21198551
zr2760_54,CANON2018,CTD,9/8/18,25,6973258,6027026,135.7,817867428.2,CN18Fc21_6_eDNA,55377,180,9967860,68169,313,21336897
zr2760_63,CANON2018,CTD,9/8/18,35,12232562,1617705271,136.3,2.20E+11,CN18Fc22_6_eDNA,57473,180,10345140,82057,313,25683841
zr2760_65,CANON2018,CTD,9/8/18,25,10580845,1346870416,138.2,1.86E+11,CN18Fc24_6_eDNA,70670,180,12720600,80879,313,25315127
zr2760_42,CANON2018,CTD,9/8/18,30,11545789,10269328,137,1406897936,CN18Fc25_5_eDNA,49482,180,8906760,75408,313,23602704
zr2760_66,CANON2018,CTD,9/9/18,45,10245151,1334786003,138.9,1.85E+11,CN18Fc27_4_eDNA,55171,180,9930780,68476,313,21432988
zr2760_16,CANON2018,CTD,9/9/18,30,26789230,23240766,138.1,3209549785,CN18Fc29_6_eDNA,64593,180,11626740,80935,313,25332655
zr2760_28,CANON2018,CTD,9/9/18,40,19262452,17034537,136.6,2326917754,CN18Fc30_4_eDNA,59700,180,10746000,75450,313,23615850
zr2760_58,CANON2018,CTD,9/9/18,40,16022377,1967191040,136,2.68E+11,CN18Fc32_4_eDNA,20027,180,3604860,117954,313,36919602
zr2760_40,CANON2018,CTD,9/9/18,35,15068828,13414881,136,1824423816,CN18Fc33_5_eDNA,45607,180,8209260,92967,313,29098671
zr2760_36,CANON2018,CTD,9/9/18,30,15978019,15062026,136.3,2052954144,CN18Fc35_5_eDNA,23648,180,4256640,126846,313,39702798
zr2760_47,CANON2018,CTD,9/9/18,20,8914348,8054405,136.8,1101842604,CN18Fc36_6_eDNA,59839,180,10771020,114194,313,35742722
zr2760_60,CANON2018,CTD,9/10/18,30,18067244,2116992733,136.2,2.88E+11,CN18Fc38_5_eDNA,40490,180,7288200,99543,313,31156959
zr2760_68,CANON2018,CTD,9/10/18,25,14454692,1755645792,136.1,2.39E+11,CN18Fc40_6_eDNA,68041,180,12247380,102595,313,32112235
zr2760_57,CANON2018,CTD,9/10/18,25,24976694,2775953814,142,3.94E+11,CN18Fc41_6_eDNA,69490,180,12508200,105415,313,32994895
zr2760_55,CANON2018,CTD,9/10/18,30,17116761,14345623,142.2,2039947591,CN18Fc43_5_eDNA,43030,180,7745400,68591,313,21468983
zr2760_32,CANON2018,CTD,9/10/18,10,11981617,11322743,143.1,1620284523,CN18Fc44_8_eDNA,36215,180,6518700,91548,313,28654524
zr2760_76,CANON2018,CTD,9/10/18,10,8853326,1086536078,144.2,1.57E+11,CN18Fc46_8_eDNA,42474,180,7645320,85927,313,26895151
zr2760_69,CANON2018,CTD,9/10/18,25,10755772,1397408793,140.4,1.96E+11,CN18Fc47_6_eDNA,33842,180,6091560,83219,313,26047547
zr2760_75,CANON2018,CTD,9/11/18,25,11547117,1451320451,143.1,2.08E+11,CN18Fc49_6_eDNA,45721,180,8229780,86790,313,27165270
zr2760_71,CANON2018,CTD,9/11/18,35,12284118,1576367299,138.9,2.19E+11,CN18Fc51_5_eDNA,57717,180,10389060,80529,313,25205577
zr2760_52,CANON2018,ESP,9/11/18,35,22502432,19915978,142.3,2834043669,CN18FESPkoa_SC24,99632,180,17933760,81287,313,25442831
zr2760_64,CANON2018,ESP,9/11/18,27,8113207,1021789149,138.9,1.42E+11,CN18FESPkoa_SC26,45794,180,8242920,101830,313,31872790
zr2760_79,CANON2018,ESP,9/10/18,22,9895525,1909768582,136.3,2.60E+11,CN18FESPkoa_SC29,90730,180,16331400,88847,313,27809111
zr2760_59,CANON2018,ESP,9/10/18,13,15623649,1886537259,136.4,2.57E+11,CN18FESPkoa_SC30,80842,180,14551560,116363,313,36421619
zr2760_48,CANON2018,ESP,9/10/18,19,9920172,9139036,142.4,1301398726,CN18FESPkoa_SC31,47778,180,8600040,104954,313,32850602
zr2760_50,CANON2018,ESP,9/10/18,35,12430476,11519791,130.5,1503332726,CN18FESPkoa_SC32,47496,180,8549280,123848,313,38764424
zr2760_38,CANON2018,ESP,9/10/18,25,13008742,11785769,143.7,1693615005,CN18FESPkoa_SC34,56329,180,10139220,127501,313,39907813
zr2760_62,CANON2018,ESP,9/10/18,25,18967816,2301142536,135.5,3.12E+11,CN18FESPkoa_SC35,43996,180,7919280,113116,313,35405308
zr2760_53,CANON2018,ESP,9/10/18,31,10182334,8416740,143.3,1206118842,CN18FESPkoa_SC37,81638,180,14694840,98024,313,30681512
zr2760_49,CANON2018,ESP,9/9/18,25,9547046,8686435,142.3,1236079701,CN18FESPkoa_SC40,82308,180,14815440,93970,313,29412610
zr2760_31,CANON2018,ESP,9/9/18,28,19407722,18310171,143.3,2623847504,CN18FESPkoa_SC41,66822,180,12027960,93760,313,29346880
zr2760_37,CANON2018,ESP,9/9/18,32,36723021,33471120,140,4685956800,CN18FESPkoa_SC43,62359,180,11224620,91909,313,28767517
zr2760_34,CANON2018,ESP,9/9/18,37,26806862,25728116,138.4,3560771254,CN18FESPkoa_SC44,46076,180,8293680,97069,313,30382597
zr2760_46,CANON2018,ESP,9/9/18,39,9201586,8346098,144.2,1203507332,CN18FESPkoa_SC46,58508,180,10531440,91790,313,28730270
zr2760_18,CANON2018,ESP,9/9/18,29,19046979,17302650,137,2370463050,CN18FESPkoa_SC47,33069,180,5952420,70318,313,22009534
zr2760_56,CANON2018,ESP,9/9/18,48,17018620,2088280512,136.9,2.86E+11,CN18FESPkoa_SC49,44546,180,8018280,87533,313,27397829
zr2760_41,CANON2018,ESP,9/8/18,28,18027923,15775508,137.4,2167554799,CN18FESPkoa_SC52,42678,180,7682040,75736,313,23705368
zr2760_35,CANON2018,ESP,9/8/18,34,33225377,30644362,137,4198277594,CN18FESPkoa_SC53,69308,180,12475440,138563,313,43370219
zr2760_33,CANON2018,ESP,9/8/18,35,10799911,10369769,139.2,1443471845,CN18FESPkoa_SC55,40500,180,7290000,67708,313,21192604
zr2760_51,CANON2018,ESP,9/8/18,38,10585935,9802855,134.5,1318483998,CN18FESPkoa_SC56,34955,180,6291900,118489,313,37087057
zr2760_39,CANON2018,ESP,9/8/18,35,18747365,16877908,142.3,2401726308,CN18FESPkoa_SC57,40782,180,7340760,119438,313,37384094
zr2760_44,CANON2018,ESP,9/7/18,29,11913549,10833740,137.7,1491805998,CN18FESPkoa_SC58,42694,180,7684920,110346,313,34538298
zr2760_30,CANON2018,CTD,6/6/18,200,28253486,24914926,137.1,3415836355,CN18Sc09_2_eDNA,25047,180,4508460,65696,313,20562848
zr2760_24,CANON2018,CTD,6/6/18,200,19215746,16919712,138.7,2346764054,CN18Sc10_2_eDNA,17583,180,3164940,80648,313,25242824
zr2760_27,CANON2018,CTD,6/7/18,195,22995369,20282217,141.4,2867905484,CN18Sc14_2_eDNA,20199,180,3635820,68493,313,21438309
zr2760_26,CANON2018,CTD,6/7/18,30,19185623,16846790,143,2409090970,CN18Sc14_8_eDNA,18111,180,3259980,43553,313,13632089
zr2760_20,CANON2018,CTD,6/7/18,195,16074520,14304957,141,2016998937,CN18Sc15_2_eDNA,16995,180,3059100,46167,313,14450271
zr2760_77,CANON2018,CTD,6/7/18,30,13565914,1727077670,138.4,2.39E+11,CN18Sc15_8_eDNA,40857,180,7354260,75237,313,23549181
zr2760_29,CANON2018,CTD,6/7/18,200,22514937,19733486,142.1,2804128361,CN18Sc18_2_eDNA,23254,180,4185720,39193,313,12267409
zr2760_43,CANON2018,CTD,6/7/18,30,27513755,23910468,142.2,3400068550,CN18Sc18_8_eDNA,7570,180,1362600,52985,313,16584305
zr2760_21,CANON2018,CTD,6/8/18,200,21199047,19217972,142.5,2738561010,CN18Sc27_2_eDNA,25492,180,4588560,44275,313,13858075
zr2760_70,CANON2018,CTD,6/8/18,30,10317254,1322646542,142.5,1.88E+11,CN18Sc27_8_eDNA,8323,180,1498140,60531,313,18946203
zr2760_61,CANON2018,ESP,6/8/18,24,24343735,2966422545,140.4,4.16E+11,CN18SESPkoa_SC36,45669,180,8220420,74608,313,23352304
zr2760_25,CANON2018,ESP,6/8/18,202,19081202,17046076,140.9,2401792108,CN18SESPkoa_SC37,3987,180,717660,69330,313,21700290
zr2760_73,CANON2018,ESP,6/7/18,25,16139267,2044116056,141.3,2.89E+11,CN18SESPkoa_SC39,22588,180,4065840,58459,313,18297667
zr2760_17,CANON2018,ESP,6/7/18,202,22056872,19758460,141.6,2797797936,CN18SESPkoa_SC40,12793,180,2302740,64520,313,20194760
zr2760_74,CANON2018,ESP,6/7/18,28,15574325,1868748134,141.5,2.64E+11,CN18SESPkoa_SC41,15046,180,2708280,71582,313,22405166
zr2760_78,CANON2018,ESP,6/7/18,25,14840810,1946094155,138.9,2.70E+11,CN18SESPkoa_SC44,33765,180,6077700,60312,313,18877656
zr2760_23,CANON2018,ESP,6/7/18,202,13789988,12359720,142.4,1760024128,CN18SESPkoa_SC45,10403,180,1872540,53530,313,16754890
zr2760_10,CANON2018,ESP,6/6/18,203,25421182,6841963,143.6,982505886.8,CN18SESPkoa_SC47,17455,180,3141900,88117,313,27580621
zr2760_12,CANON2018,ESP,6/6/18,202,95366687,85337382,140.3,11972834695,CN18SESPkoa_SC49,10957,180,1972260,84379,313,26410627
Lasker18Sc122_3_D0052,RREAS2018,CTD,6/3/18,100,48883910,86807006,141.8,12309233451,Lasker18Sc122_3_D0052,60003,180,10800540,34063,313,10661719
Lasker18Sc122_5_D0053,RREAS2018,CTD,6/3/18,100,55960464,99387898,142,14113081516,Lasker18Sc122_5_D0053,60075,180,10813500,64735,313,20262055
Lasker18Sc122_17_D0057,RREAS2018,CTD,6/3/18,18,47328269,84192452,142.1,11963747429,Lasker18Sc122_17_D0057,116706,180,21007080,76319,313,23887847
Lasker18Sc122_19_D0058,RREAS2018,CTD,6/3/18,18,74092229,132014202,142.4,18798822365,Lasker18Sc122_19_D0058,132669,180,23880420,69006,313,21598878
Lasker18Sc123_3_D0063,RREAS2018,CTD,6/4/18,100,65188148,115373992,141.7,16348494666,Lasker18Sc123_3_D0063,114295,180,20573100,35687,313,11170031
Lasker18Sc123_5_D0064,RREAS2018,CTD,6/4/18,100,47777675,85644472,142.7,12221466154,Lasker18Sc123_5_D0064,84102,180,15138360,68474,313,21432362
Lasker18Sc123_17_D0068,RREAS2018,CTD,6/4/18,10,46487785,81934556,141,11552772396,Lasker18Sc123_17_D0068,67293,180,12112740,67063,313,20990719
Lasker18Sc123_19_D0069,RREAS2018,CTD,6/4/18,10,58508495,100481660,140.2,14087528732,Lasker18Sc123_19_D0069,111915,180,20144700,52054,313,16292902
Lasker18Sc124_3_D0073,RREAS2018,CTD,6/4/18,100,48655395,86177838,141.7,12211399645,Lasker18Sc124_3_D0073,65695,180,11825100,47990,313,15020870
Lasker18Sc124_5_D0074,RREAS2018,CTD,6/4/18,100,49427642,87249490,141.7,12363252733,Lasker18Sc124_5_D0074,49600,180,8928000,67389,313,21092757
Lasker18Sc124_19_D0079,RREAS2018,CTD,6/4/18,10,39938829,70273280,141.1,9915559808,Lasker18Sc124_19_D0079,69110,180,12439800,32003,313,10016939
Lasker18Sc126_3_D0085,RREAS2018,CTD,6/5/18,100,55775521,96494520,140.6,13567129512,Lasker18Sc126_3_D0085,76330,180,13739400,38570,313,12072410
Lasker18Sc126_5_D0086,RREAS2018,CTD,6/5/18,100,48525495,86073104,141.8,12205166147,Lasker18Sc126_5_D0086,64489,180,11608020,61894,313,19372822
Lasker18Sc126_17_D0090,RREAS2018,CTD,6/5/18,4,50640472,90693530,141.1,12796857083,Lasker18Sc126_17_D0090,115855,180,20853900,36420,313,11399460
Lasker18Sc127_3_D0095,RREAS2018,CTD,6/5/18,100,67806267,120897136,142.1,17179483026,Lasker18Sc127_3_D0095,62496,180,11249280,36377,313,11386001
Lasker18Sc127_5_D0096,RREAS2018,CTD,6/5/18,100,52322584,94436572,142.4,13447767853,Lasker18Sc127_5_D0096,47204,180,8496720,79173,313,24781149
Lasker18Sc127_17_D0100,RREAS2018,CTD,6/5/18,10,40812627,70128744,142.9,10021397518,Lasker18Sc127_17_D0100,97245,180,17504100,78145,313,24459385
Lasker18Sc127_19_D0101,RREAS2018,CTD,6/5/18,10,54606985,96897606,139,13468767234,Lasker18Sc127_19_D0101,111636,180,20094480,43115,313,13494995
Lasker18Sc128_3_D0105,RREAS2018,CTD,6/5/18,100,58461560,101070950,140.6,14210575570,Lasker18Sc128_3_D0105,79353,180,14283540,14139,313,4425507
Lasker18Sc128_7_D0107,RREAS2018,CTD,6/5/18,100,52639925,93012106,140.6,13077502104,Lasker18Sc128_7_D0107,99947,180,17990460,49576,313,15517288
Lasker18Sc128_16_D0110,RREAS2018,CTD,6/5/18,10,73896700,131088994,141.5,18549092651,Lasker18Sc128_16_D0110,52362,180,9425160,57445,313,17980285
Lasker18Sc128_19_D0111,RREAS2018,CTD,6/5/18,10,49235908,87775370,141.6,12428992392,Lasker18Sc128_19_D0111,108417,180,19515060,48125,313,15063125
Lasker18Sc129_3_D0116,RREAS2018,CTD,6/6/18,50,50122475,89028300,141.9,12633115770,Lasker18Sc129_3_D0116,74371,180,13386780,30561,313,9565593
Lasker18Sc129_5_D0117,RREAS2018,CTD,6/6/18,50,48646596,87347724,141.8,12385907263,Lasker18Sc129_5_D0117,53992,180,9718560,52043,313,16289459
Lasker18Sc129_17_D0121,RREAS2018,CTD,6/6/18,8,46148319,82536646,142.6,11769725720,Lasker18Sc129_17_D0121,93968,180,16914240,75635,313,23673755
Lasker18Sc129_19_D0122,RREAS2018,CTD,6/6/18,8,35951627,63956694,141.7,9062663540,Lasker18Sc129_19_D0122,116596,180,20987280,48276,313,15110388
Lasker18Sc130_3_D0127,RREAS2018,CTD,6/7/18,100,52409779,92573232,140.5,13006539096,Lasker18Sc130_3_D0127,62256,180,11206080,46712,313,14620856
Lasker18Sc130_5_D0128,RREAS2018,CTD,6/7/18,100,55793517,98580082,141.8,13978655628,Lasker18Sc130_5_D0128,59962,180,10793160,59038,313,18478894
Lasker18Sc130_17_D0132,RREAS2018,CTD,6/7/18,10,43586382,76838168,141.9,10903336039,Lasker18Sc130_17_D0132,98036,180,17646480,63780,313,19963140
Lasker18Sc130_19_D0133,RREAS2018,CTD,6/7/18,10,40856124,71381674,140.9,10057677867,Lasker18Sc130_19_D0133,89250,180,16065000,65209,313,20410417
Lasker18Sc132_3_D0137,RREAS2018,CTD,6/7/18,100,50780020,90409018,140.3,12684385225,Lasker18Sc132_3_D0137,59793,180,10762740,43424,313,13591712
Lasker18Sc132_5_D0138,RREAS2018,CTD,6/7/18,100,42811359,76353402,142.4,10872724445,Lasker18Sc132_5_D0138,44473,180,8005140,39756,313,12443628
Lasker18Sc132_17_D0142,RREAS2018,CTD,6/7/18,10,63444918,112577094,142.5,16042235895,Lasker18Sc132_17_D0142,111759,180,20116620,42226,313,13216738
Lasker18Sc132_19_D0143,RREAS2018,CTD,6/7/18,10,60772644,108552644,141.3,15338488597,Lasker18Sc132_19_D0143,103756,180,18676080,30384,313,9510192
Lasker18Sc133_3_D0147,RREAS2018,CTD,6/7/18,70,48929019,87225268,142,12385988056,Lasker18Sc133_3_D0147,81986,180,14757480,38779,313,12137827
Lasker18Sc133_5_D0148,RREAS2018,CTD,6/7/18,70,43716794,78143822,142.4,11127680253,Lasker18Sc133_5_D0148,129996,180,23399280,67109,313,21005117
Lasker18Sc133_17_D0152,RREAS2018,CTD,6/7/18,10,47428416,84061700,142.2,11953573740,Lasker18Sc133_17_D0152,89853,180,16173540,64817,313,20287721
Lasker18Sc133_19_D0153,RREAS2018,CTD,6/7/18,10,45335961,80190968,141.6,11355041069,Lasker18Sc133_19_D0153,132407,180,23833260,54274,313,16987762
Lasker18Sc134_3_D0158,RREAS2018,CTD,6/8/18,50,55155470,97578710,140.8,13739082368,Lasker18Sc134_3_D0158,87971,180,15834780,55175,313,17269775
Lasker18Sc134_5_D0159,RREAS2018,CTD,6/8/18,50,43825155,78509866,141.8,11132698999,Lasker18Sc134_5_D0159,73402,180,13212360,52019,313,16281947
Lasker18Sc134_17_D0163,RREAS2018,CTD,6/8/18,10,48402535,85678666,142.6,12217777772,Lasker18Sc134_17_D0163,110913,180,19964340,36659,313,11474267
Lasker18Sc134_19_D0164,RREAS2018,CTD,6/8/18,10,50892713,91213074,141.3,12888407356,Lasker18Sc134_19_D0164,109519,180,19713420,27701,313,8670413
Lasker18Sc135_17_D0173,RREAS2018,CTD,6/8/18,10,34383484,58785912,141.2,8300570774,Lasker18Sc135_17_D0173,143421,180,25815780,81675,313,25564275
Lasker18Sc135_19_D0174,RREAS2018,CTD,6/8/18,10,45909895,78301210,141.7,11095281457,Lasker18Sc135_19_D0174,84051,180,15129180,43234,313,13532242
Lasker18Sc158_3_D0270,RREAS2018,CTD,6/10/18,70,50978522,90200508,139.5,12582970866,Lasker18Sc158_3_D0270,86815,180,15626700,37031,313,11590703
Lasker18Sc158_5_D0271,RREAS2018,CTD,6/10/18,70,60720739,107076630,138.8,14862236244,Lasker18Sc158_5_D0271,96250,180,17325000,25309,313,7921717
Lasker18Sc158_17_D0275,RREAS2018,CTD,6/10/18,20,64165698,112665062,140.7,15851974223,Lasker18Sc158_17_D0275,159755,180,28755900,62246,313,19482998
Lasker18Sc158_19_D0276,RREAS2018,CTD,6/10/18,20,48006677,84103144,140.9,11850132990,Lasker18Sc158_19_D0276,103089,180,18556020,52439,313,16413407
1903buk1_0m-1,RREAS2019,CTD,5/31/19,0,499688,"409,956",139.5,57188862,CN19_Buck1_SN_0m_1,93058,180,16750440,69121,313,21634873
1903buk1_0m-2,RREAS2019,CTD,5/31/19,0,2527932,"2,170,584",140.1,304098818.4,CN19_Buck1_SN_0m_2,82703,180,14886540,104618,313,32745434
1903buk2_0m-1,RREAS2019,CTD,6/1/19,0,5977792,"4,763,928",142.1,676954168.8,CN19_Buck2_SN_0m_1,72354,180,13023720,94697,313,29640161
1903buk2_0m-2,RREAS2019,CTD,6/1/19,0,11026766,"8,899,042",140.9,1253875018,CN19_Buck2_SN_0m_2,85433,180,15377940,102979,313,32232427
1903buk3_0m-1,RREAS2019,CTD,6/1/19,0,9613024,"7,849,220",140.6,1103600332,CN19_Buck3_SN_0m_1,68256,180,12286080,85338,313,26710794
1903buk4_0m-1,RREAS2019,CTD,6/2/19,0,855118,"747,182",141.8,105950407.6,CN19_Buck4_SM_Night_0m_1,95150,180,17127000,95818,313,29991034
1903buk4_0m-2,RREAS2019,CTD,6/2/19,0,1999276,"1,729,084",141.7,245011202.8,CN19_Buck4_SM_Night_0m_2,90767,180,16338060,104193,313,32612409
1903_buk5-1,RREAS2019,CTD,6/3/19,0,21900066,"16,615,156",141.2,2346060027,CN19_Buck5_0m_1,61734,180,11112120,97313,313,30458969
1903_buk5-2,RREAS2019,CTD,6/3/19,0,23218706,"17,291,602",140.5,2429470081,CN19_Buck5_0m_2,72308,180,13015440,103314,313,32337282
1903_buk6-1,RREAS2019,CTD,6/5/19,0,28799004,"23,370,560",141.9,3316282464,CN19_Buck6_Dav_Night_0m_1,125993,180,22678740,1957241,313,612616433
1903_buk6-2,RREAS2019,CTD,6/5/19,0,17055800,"13,219,236",140.5,1857302658,CN19_Buck6_Dav_Night_0m_2,125312,180,22556160,80480,313,25190240
1903c111_100m-1,RREAS2019,CTD,5/31/19,100,19168306,"14,499,710",133.1,1929911401,CN19_Nisk_PS_Dawn_100m_1,65331,180,11759580,106042,313,33191146
1903c111_100m-2,RREAS2019,CTD,5/31/19,100,27257440,"21,225,980",136.4,2895223672,CN19_Nisk_PS_Dawn_100m_2,49115,180,8840700,76802,313,24039026
1903c111_100m-3,RREAS2019,CTD,5/31/19,100,16444628,"13,083,030",137.9,1804149837,CN19_Nisk_PS_Dawn_100m_3,53066,180,9551880,87811,313,27484843
1903c111_10m-1,RREAS2019,CTD,5/31/19,10,25175638,"19,913,840",129.7,2582825048,CN19_Nisk_PS_Dawn_10m_1,101779,180,18320220,118979,313,37240427
1903c111_10m-2,RREAS2019,CTD,5/31/19,10,29538694,"23,067,126",139.4,3215557364,CN19_Nisk_PS_Dawn_10m_2,69955,180,12591900,112929,313,35346777
1903c111_5m-1_NOAA1163b,RREAS2019,CTD,5/31/19,5,25968820,"20,100,848",137.6,2765876685,CN19_Nisk_PS_Dawn_5m_1,63966,180,11513880,148118,313,46360934
1903c114_100m-1,RREAS2019,CTD,6/1/19,100,21627136,"16,718,928",140,2340649920,CN19_Nisk_SM_Day_100m_1,40824,180,7348320,58821,313,18410973
1903c114_100m-2,RREAS2019,CTD,6/1/19,100,28227648,"22,813,550",139,3171083450,CN19_Nisk_SM_Day_100m_2,53064,180,9551520,82497,313,25821561
1903c114_100m-3,RREAS2019,CTD,6/1/19,100,37885028,"30,602,768",138,4223181984,CN19_Nisk_SM_Day_100m_3,41629,180,7493220,88563,313,27720219
1903c114_10m-1,RREAS2019,CTD,6/1/19,10,5922522,"5,095,630",134.2,683833546,CN19_Nisk_SM_Day_10m_1,69297,180,12473460,97725,313,30587925
1903c114_10m-2,RREAS2019,CTD,6/1/19,10,15868212,"13,279,606",136.6,1813994180,CN19_Nisk_SM_Day_10m_2,63746,180,11474280,92562,313,28971906
1903c114_5m-2,RREAS2019,CTD,6/1/19,5,2504656,"2,151,160",131,281801960,CN19_Nisk_SM_Day_5m_2,89866,180,16175880,104638,313,32751694
1903c117_100m-1,RREAS2019,CTD,6/1/19,100,16230242,"12,887,104",138.8,1788730035,CN19_Nisk_SM_Dusk_100m_1,58224,180,10480320,97736,313,30591368
1903c117_100m-2,RREAS2019,CTD,6/1/19,100,38782734,"32,846,164",125.6,4125478198,CN19_Nisk_SM_Dusk_100m_2,69652,180,12537360,31371,313,9819123
1903c117_100m-3,RREAS2019,CTD,6/1/19,100,16047444,"12,848,588",138.7,1782099156,CN19_Nisk_SM_Dusk_100m_3,62910,180,11323800,86816,313,27173408
1903c117_50m-1,RREAS2019,CTD,6/1/19,50,17344742,"13,653,220",133.3,1819974226,CN19_Nisk_SM_Dusk_50m_1,101075,180,18193500,133665,313,41837145
1903c117_50m-2,RREAS2019,CTD,6/1/19,50,43912312,"35,745,788",138.3,4943642480,CN19_Nisk_SM_Dusk_50m_2,81691,180,14704380,86504,313,27075752
1903c117_5m-1,RREAS2019,CTD,6/1/19,5,23284594,"17,873,856",139,2484465984,CN19_Nisk_SM_Dusk_5m_1,70437,180,12678660,86420,313,27049460
1903c118_100m-1,RREAS2019,CTD,6/2/19,100,31373300,"25,122,034",137.8,3461816285,CN19_Nisk_SM_Night_100m_1,74681,180,13442580,116727,313,36535551
1903c118_100m-2,RREAS2019,CTD,6/2/19,100,25388736,"19,810,724",137.4,2721993478,CN19_Nisk_SM_Night_100m_2,69321,180,12477780,112610,313,35246930
1903c118_23m-1,RREAS2019,CTD,6/2/19,23,,"7,886,408",130.8,1031542166,CN19_Nisk_SM_Night_23m_1,61791,180,6255720,81585,313,25536105
1903c118_5m-1,RREAS2019,CTD,6/2/19,5,,"10,898,084",138.6,1510474442,CN19_Nisk_SM_Night_5m_1,67664,180,11122380,94172,313,29475836
1903c118_5m-2,RREAS2019,CTD,6/2/19,5,,"9,716,086",137.8,1338876651,CN19_Nisk_SM_Night_5m_2,34754,180,12179520,88749,313,27778437
1903c119_100m-1,RREAS2019,CTD,6/2/19,100,17302192,"13,948,460",137.6,1919308096,CN19_Nisk_SM_Dawn_100m_1,47105,180,8478900,50750,313,15884750
1903c119_100m-2,RREAS2019,CTD,6/2/19,100,22964246,"18,044,364",137.2,2475686741,CN19_Nisk_SM_Dawn_100m_2,43717,180,7869060,77979,313,24407427
1903c119_100m-3,RREAS2019,CTD,6/2/19,100,32474692,"26,820,146",139.3,3736046338,CN19_Nisk_SM_Dawn_100m_3,71585,180,12885300,111744,313,34975872
1903c119_11m-1,RREAS2019,CTD,6/2/19,11,6275260,"5,244,576",134.1,703297641.6,CN19_Nisk_SM_Dawn_11m_1,98877,180,17797860,105752,313,33100376
1903c119_11m-2,RREAS2019,CTD,6/2/19,11,19806292,"16,310,022",137.9,2249152034,CN19_Nisk_SM_Dawn_11m_2,83966,180,15113880,82807,313,25918591
1903c119_5m-2,RREAS2019,CTD,6/2/19,5,26620266,"22,527,006",134.9,3038893109,CN19_Nisk_SM_Dawn_5m_1,91101,180,16398180,81706,313,25573978
1903c122_100m-1,RREAS2019,CTD,6/2/19,100,20894540,"16,747,472",137.8,2307801642,CN19_Nisk_PB_Day_100m_1,63731,180,11471580,114121,313,35719873
1903c122_100m-2_NOAA1163b,RREAS2019,CTD,6/2/19,100,36540084,"28,322,188",138.8,3931119694,CN19_Nisk_PB_Day_100m_2,64636,180,11634480,109627,313,34313251
1903c122_100m-3,RREAS2019,CTD,6/2/19,100,29736530,"23,354,938",138.6,3236994407,CN19_Nisk_PB_Day_100m_3,51406,180,9253080,96271,313,30132823
1903c122_28m-1_NOAA1163b,RREAS2019,CTD,6/2/19,28,29161538,"22,909,354",140.1,3209600495,CN19_Nisk_PB_Day_28m_1,77497,180,13949460,102221,313,31995173
1903c122_28m-2,RREAS2019,CTD,6/2/19,28,19715718,"16,728,768",140.4,2348719027,CN19_Nisk_PB_Day_28m_2,58373,180,10507140,118128,313,36974064
1903c122_5m-1,RREAS2019,CTD,6/2/19,5,21693260,"17,884,012",139.8,2500184878,CN19_Nisk_PB_Day_5m_1,69916,180,12584880,115867,313,36266371
1903c122_5m-2_NOAA1163b,RREAS2019,CTD,6/2/19,5,36282438,"28,571,244",139.5,3985688538,CN19_Nisk_PB_Day_5m_2,61587,180,11085660,121774,313,38115262
1903c123_10m-1,RREAS2019,CTD,6/2/19,10,28497854,"22,371,884",140.1,3134300948,CN19_Nisk_PB_Dusk_10m_1,121528,180,21875040,105504,313,33022752
1903c123_10m-2,RREAS2019,CTD,6/2/19,10,31700668,"26,604,632",138.9,3695383385,CN19_Nisk_PB_Dusk_10m_2,88680,180,15962400,107402,313,33616826
1903c123_5m-2,RREAS2019,CTD,6/2/19,5,34791748,"27,717,852",139.8,3874955710,CN19_Nisk_PB_Dusk_5m_2,83675,180,15061500,102824,313,32183912
1903c123_70m-1,RREAS2019,CTD,6/2/19,70,39075938,"31,789,848",136.3,4332956282,CN19_Nisk_PB_Dusk_70m_1,62447,180,11240460,91275,313,28569075
1903c123_70m-2,RREAS2019,CTD,6/2/19,70,33167148,"26,183,692",140.5,3678808726,CN19_Nisk_PB_Dusk_70m_2,80123,180,14422140,114916,313,35968708
1903c123_70m-3,RREAS2019,CTD,6/2/19,70,34355978,"28,916,426",139.5,4033841427,CN19_Nisk_PB_Dusk_70m_3,85405,180,15372900,117520,313,36783760
1903c124_100m-2,RREAS2019,CTD,6/2/19,100,28667938,"21,812,854",137.1,2990542283,CN19_Nisk_PB_Night_100m_2,49420,180,8895600,98160,313,30724080
1903c124_100m-3,RREAS2019,CTD,6/2/19,100,23574516,"18,205,892",137.8,2508771918,CN19_Nisk_PB_Night_100m_3,54090,180,9736200,107911,313,33776143
1903c124_15m-1,RREAS2019,CTD,6/2/19,15,18384728,"15,258,794",137.6,2099610054,CN19_Nisk_PB_Night_15m_1,109942,180,19789560,90587,313,28353731
1903c124_15m-2,RREAS2019,CTD,6/2/19,15,29697020,"23,575,198",138.8,3272237482,CN19_Nisk_PB_Night_15m_2,83682,180,15062760,96050,313,30063650
1903c124_5m-1,RREAS2019,CTD,6/2/19,5,32006386,"26,704,194",138.2,3690519611,CN19_Nisk_PB_Night_5m_1,75340,180,13561200,20009,313,6262817
1903c124_5m-2,RREAS2019,CTD,6/2/19,5,38999990,"31,109,304",140.1,4358413490,CN19_Nisk_PB_Night_5m_2,80270,180,14448600,98801,313,30924713
1903c126_100m-1,RREAS2019,CTD,6/3/19,100,10732934,"23,871,758",138.4,3303851307,CN19_Nisk_PB_Dawn_100m_1,46579,180,8384220,80338,313,25145794
1903c126_100m-2,RREAS2019,CTD,6/3/19,100,39787706,"33,073,072",133.3,4408640498,CN19_Nisk_PB_Dawn_100m_2,50561,180,9100980,91616,313,28675808
1903c126_100m-3,RREAS2019,CTD,6/3/19,100,28952888,"23,010,622",136.2,3134046716,CN19_Nisk_PB_Dawn_100m_3,56849,180,10232820,128280,313,40151640
1903c126_45m-1,RREAS2019,CTD,6/3/19,45,20409324,"15,691,320",140.1,2198353932,CN19_Nisk_PB_Dawn_45m_1,57844,180,10411920,88673,313,27754649
1903c126_45m-2,RREAS2019,CTD,6/3/19,45,22146812,"17,175,984",136.1,2337651422,CN19_Nisk_PB_Dawn_45m_2,65664,180,11819520,94745,313,29655185
1903c126_5m-1,RREAS2019,CTD,6/3/19,5,30665884,"24,427,800",139.6,3410120880,CN19_Nisk_PB_Dawn_5m_1,47004,180,8460720,95782,313,29979766
1903c126_5m-2,RREAS2019,CTD,6/3/19,5,38227764,"30,062,846",139.1,4181741879,CN19_Nisk_PB_Dawn_5m_2,58098,180,10457640,96581,313,30229853
1903c127_100m-2,RREAS2019,CTD,6/4/19,100,30560372,"23,225,344",140.4,3260838298,CN19_Nisk_MO_Night_100m_2,30795,180,5543100,126032,313,39448016
1903c127_100m-3,RREAS2019,CTD,6/4/19,100,18435518,"13,563,944",139,1885388216,CN19_Nisk_MO_Night_100m_3,36750,180,6615000,85930,313,26896090
1903c127_5m-1,RREAS2019,CTD,6/4/19,5,16810104,"13,450,752",140.1,1884450355,CN19_Nisk_MO_Night_5m_1,74647,180,13436460,115201,313,36057913
1903c127_5m-2,RREAS2019,CTD,6/4/19,5,17592044,"13,622,826",134.9,1837719227,CN19_Nisk_MO_Night_5m_2,73630,180,13253400,114666,313,35890458
1903c127_7m-1,RREAS2019,CTD,6/4/19,7,26998116,"20,738,190",138,2861870220,CN19_Nisk_MO_Night_7m_1,83000,180,14940000,114913,313,35967769
1903c127_7m-2,RREAS2019,CTD,6/4/19,7,32264696,"25,277,452",138.7,3505982592,CN19_Nisk_MO_Night_7m_2,83638,180,15054840,90679,313,28382527
1903c129_100m-1,RREAS2019,CTD,6/4/19,100,18649664,"14,396,546",136.8,1969447493,CN19_Nisk_MO_Dawn_100m_1,57304,180,10314720,51640,313,16163320
1903c129_100m-2,RREAS2019,CTD,6/4/19,100,27547428,"20,877,244",136.7,2853919255,CN19_Nisk_MO_Dawn_100m_2,59457,180,10702260,110084,313,34456292
1903c129_100m-3,RREAS2019,CTD,6/4/19,100,42518016,"32,134,040",136.7,4392723268,CN19_Nisk_MO_Dawn_100m_3,50662,180,9119160,108369,313,33919497
1903c129_26m-1,RREAS2019,CTD,6/4/19,26,16312420,"12,565,772",133.5,1677530562,CN19_Nisk_MO_Dawn_26m_1,51539,180,9277020,139134,313,43548942
1903c129_26m-2,RREAS2019,CTD,6/4/19,26,25769620,"20,162,134",139.2,2806569053,CN19_Nisk_MO_Dawn_26m_2,55825,180,10048500,88319,313,27643847
1903c129_5m-1,RREAS2019,CTD,6/4/19,5,58194128,"46,066,006",130.4,6007007182,CN19_Nisk_MO_Dawn_5m_1,82585,180,14865300,121242,313,37948746
1903c129_5m-2,RREAS2019,CTD,6/4/19,5,42720314,"32,643,478",141.6,4622316485,CN19_Nisk_MO_Dawn_5m_2,47514,180,8552520,112384,313,35176192
1903c134_12m-1,RREAS2019,CTD,6/4/19,12,16993744,"13,361,632",132,1763735424,CN19_Nisk_Dav_Predusk_12m_1,60829,180,10949220,128801,313,40314713
1903c144_13m-1,RREAS2019,CTD,6/7/19,13,3687454,"2,670,176",133,355133408,CN19_Nisk_Far_13m_1,73745,180,13274100,132507,313,41474691
1903c144_13m-2,RREAS2019,CTD,6/7/19,13,33275144,"26,469,198",139.2,3684512362,CN19_Nisk_Far_13m_2,80167,180,14430060,115291,313,36086083
1903c144_5m-1,RREAS2019,CTD,6/7/19,5,31241880,"24,244,704",140.7,3411229853,CN19_Nisk_Far_5m_1,79496,180,14309280,89460,313,28000980
1903c144_5m-2,RREAS2019,CTD,6/7/19,5,35618650,"28,394,280",140.6,3992235768,CN19_Nisk_Far_5m_2,80179,180,14432220,93894,313,29388822
1903c144_60m-1,RREAS2019,CTD,6/7/19,60,22454126,"17,670,206",130.9,2313029965,CN19_Nisk_Far_60m_1,45103,180,8118540,131408,313,41130704
1903c144_60m-2,RREAS2019,CTD,6/7/19,60,25163704,"19,918,552",126.8,2525672394,CN19_Nisk_Far_60m_2,50730,180,9131400,107271,313,33575823
1903c144_60m-3,RREAS2019,CTD,6/7/19,60,32674904,"25,298,906",139.8,3536787059,CN19_Nisk_Far_60m_3,89014,180,16022520,135927,313,42545151
Las19c107_10m-1,RREAS2019,CTD,5/30/19,10,30780662,"23,955,266",141.4,3387274612,CN19_Nisk_PS_Dusk_10m_1,66318,180,11937240,85076,313,26628788
Las19c107_10m-2,RREAS2019,CTD,5/30/19,10,30099482,"23,523,944",139.3,3276885399,CN19_Nisk_PS_Dusk_10m_2,76917,180,13845060,104630,313,32749190
Las19c107_5m-1,RREAS2019,CTD,5/30/19,5,33108876,"26,379,164",138.9,3664065880,CN19_Nisk_PS_Dusk_5m_1,53408,180,9613440,103822,313,32496286
Las19c107_5m-2,RREAS2019,CTD,5/30/19,5,40305156,"32,238,274",140.4,4526253670,CN19_Nisk_PS_Dusk_5m_2,31414,180,5654520,106544,313,33348272
Las19c107_75m-1,RREAS2019,CTD,5/30/19,75,35338132,"27,892,036",139.1,3879782208,CN19_Nisk_PS_Dusk_75m_1,56508,180,10171440,101342,313,31720046
Las19c107_75m-2,RREAS2019,CTD,5/30/19,75,18114736,"13,899,646",136.4,1895911714,CN19_Nisk_PS_Dusk_75m_2,64643,180,11635740,114126,313,35721438
Las19c107_75m-3,RREAS2019,CTD,5/30/19,75,23931386,"17,821,180",137.9,2457540722,CN19_Nisk_PS_Dusk_75m_3,60294,180,10852920,167479,313,52420927
Las19c135_13m-1,RREAS2019,CTD,6/4/19,13,17136180,"13,617,982",130,1770337660,CN19_Nisk_Dav_Dusk_13m_1,94902,180,17082360,86179,313,26974027
Las19c135_13m-3,RREAS2019,CTD,6/4/19,13,2813978,"1,936,014",131.4,254392239.6,CN19_Nisk_Dav_Dusk_13m_3,101467,180,18264060,95084,313,29761292
Las19c135_5m-1,RREAS2019,CTD,6/4/19,5,18653084,"14,778,430",130.5,1928585115,CN19_Nisk_Dav_Dusk_5m_1,112576,180,20263680,107356,313,33602428
Las19c135_5m-2,RREAS2019,CTD,6/4/19,5,45559362,"37,279,214",137.8,5137075689,CN19_Nisk_Dav_Dusk_5m_2,92282,180,16610760,93508,313,29268004
Las19c135_70m-1,RREAS2019,CTD,6/4/19,70,43784366,"36,197,240",140.9,5100191116,CN19_Nisk_Dav_Dusk_70m_1,72818,180,13107240,93959,313,29409167
Las19c135_70m-2,RREAS2019,CTD,6/4/19,70,20895534,"16,403,438",132.4,2171815191,CN19_Nisk_Dav_Dusk_70m_2,44851,180,8073180,100930,313,31591090
Las19c135_70m-3,RREAS2019,CTD,6/4/19,70,22300680,"17,449,540",122.1,2130588834,CN19_Nisk_Dav_Dusk_70m_3,88685,180,15963300,93077,313,29133101
Las19c138_100m-1,RREAS2019,CTD,6/5/19,100,18640498,"14,254,732",132.6,1890177463,CN19_Nisk_Dav_Dawn_100m_1,55270,180,9948600,111985,313,35051305
Las19c138_100m-2,RREAS2019,CTD,6/5/19,100,17610176,"13,714,534",129.4,1774660700,CN19_Nisk_Dav_Dawn_100m_2,57670,180,10380600,108476,313,33952988
Las19c138_100m-3,RREAS2019,CTD,6/5/19,100,557078,"437,128",131.1,57307480.8,CN19_Nisk_Dav_Dawn_100m_3,15752,180,2835360,19164,313,5998332
Las19c138_27m-1,RREAS2019,CTD,6/5/19,27,288327202,"223,363,352",134.6,30064707179,CN19_Nisk_Dav_Dawn_27m_1,81287,180,14631660,105528,313,33030264
Las19c138_5m-1,RREAS2019,CTD,6/5/19,5,25415562,"19,559,164",140.6,2750018458,CN19_Nisk_Dav_Dawn_5m_1,75964,180,13673520,108861,313,34073493
Las19c138_5m-2,RREAS2019,CTD,6/5/19,5,18729038,"13,839,100",136.7,1891804970,CN19_Nisk_Dav_Dawn_5m_2,62115,180,11180700,102705,313,32146665